country_code_numeric,country_code,country,age_from,age_to,year,gender,value
270,GMB,Gambia,0,0,1950,female,31.439709
270,GMB,Gambia,1,4,1950,female,35.923758
270,GMB,Gambia,5,9,1950,female,43.732923
270,GMB,Gambia,10,14,1950,female,41.79734
270,GMB,Gambia,15,19,1950,female,38.274334
270,GMB,Gambia,20,24,1950,female,35.197093
270,GMB,Gambia,25,29,1950,female,32.415923
270,GMB,Gambia,30,34,1950,female,29.617724
270,GMB,Gambia,35,39,1950,female,26.696811
270,GMB,Gambia,40,44,1950,female,23.67124
270,GMB,Gambia,45,49,1950,female,20.442515
270,GMB,Gambia,50,54,1950,female,17.041937
270,GMB,Gambia,55,59,1950,female,13.772226
270,GMB,Gambia,60,64,1950,female,10.657657
270,GMB,Gambia,65,69,1950,female,8.0581361
270,GMB,Gambia,70,74,1950,female,5.8570168
270,GMB,Gambia,75,79,1950,female,4.1630436
270,GMB,Gambia,80,84,1950,female,2.9381351
270,GMB,Gambia,85,89,1950,female,2.1761424
270,GMB,Gambia,90,94,1950,female,1.6112523
270,GMB,Gambia,95,99,1950,female,1.4084224
270,GMB,Gambia,100,120,1950,female,1.2293487
270,GMB,Gambia,0,0,1955,female,32.766861
270,GMB,Gambia,1,4,1955,female,37.215883
270,GMB,Gambia,5,9,1955,female,44.624906
270,GMB,Gambia,10,14,1955,female,42.586138
270,GMB,Gambia,15,19,1955,female,39.016405
270,GMB,Gambia,20,24,1955,female,35.880567
270,GMB,Gambia,25,29,1955,female,33.031693
270,GMB,Gambia,30,34,1955,female,30.16719
270,GMB,Gambia,35,39,1955,female,27.182379
270,GMB,Gambia,40,44,1955,female,24.098237
270,GMB,Gambia,45,49,1955,female,20.821584
270,GMB,Gambia,50,54,1955,female,17.383091
270,GMB,Gambia,55,59,1955,female,14.076496
270,GMB,Gambia,60,64,1955,female,10.927008
270,GMB,Gambia,65,69,1955,female,8.2860287
270,GMB,Gambia,70,74,1955,female,6.0445797
270,GMB,Gambia,75,79,1955,female,4.3124367
270,GMB,Gambia,80,84,1955,female,3.0487691
270,GMB,Gambia,85,89,1955,female,2.2518075
270,GMB,Gambia,90,94,1955,female,1.6593243
270,GMB,Gambia,95,99,1955,female,1.4399023
270,GMB,Gambia,100,120,1955,female,1.2486758
270,GMB,Gambia,0,0,1960,female,34.081164
270,GMB,Gambia,1,4,1960,female,38.489699
270,GMB,Gambia,5,9,1960,female,45.505417
270,GMB,Gambia,10,14,1960,female,43.364636
270,GMB,Gambia,15,19,1960,female,39.748761
270,GMB,Gambia,20,24,1960,female,36.555022
270,GMB,Gambia,25,29,1960,female,33.639354
270,GMB,Gambia,30,34,1960,female,30.709565
270,GMB,Gambia,35,39,1960,female,27.661949
270,GMB,Gambia,40,44,1960,female,24.520263
270,GMB,Gambia,45,49,1960,female,21.196563
270,GMB,Gambia,50,54,1960,female,17.720784
270,GMB,Gambia,55,59,1960,female,14.377753
270,GMB,Gambia,60,64,1960,female,11.193532
270,GMB,Gambia,65,69,1960,female,8.5110888
270,GMB,Gambia,70,74,1960,female,6.228968
270,GMB,Gambia,75,79,1960,female,4.4580994
270,GMB,Gambia,80,84,1960,female,3.1563797
270,GMB,Gambia,85,89,1960,female,2.3256508
270,GMB,Gambia,90,94,1960,female,1.7062452
270,GMB,Gambia,95,99,1960,female,1.4712489
270,GMB,Gambia,100,120,1960,female,1.26804
270,GMB,Gambia,0,0,1965,female,37.073299
270,GMB,Gambia,1,4,1965,female,41.190644
270,GMB,Gambia,5,9,1965,female,46.758306
270,GMB,Gambia,10,14,1965,female,44.478209
270,GMB,Gambia,15,19,1965,female,40.788607
270,GMB,Gambia,20,24,1965,female,37.512409
270,GMB,Gambia,25,29,1965,female,34.501931
270,GMB,Gambia,30,34,1965,female,31.479542
270,GMB,Gambia,35,39,1965,female,28.343011
270,GMB,Gambia,40,44,1965,female,25.120069
270,GMB,Gambia,45,49,1965,female,21.729995
270,GMB,Gambia,50,54,1965,female,18.20141
270,GMB,Gambia,55,59,1965,female,14.806635
270,GMB,Gambia,60,64,1965,female,11.572708
270,GMB,Gambia,65,69,1965,female,8.8305155
270,GMB,Gambia,70,74,1965,female,6.4893324
270,GMB,Gambia,75,79,1965,female,4.6619212
270,GMB,Gambia,80,84,1965,female,3.306053
270,GMB,Gambia,85,89,1965,female,2.4268377
270,GMB,Gambia,90,94,1965,female,1.7962038
270,GMB,Gambia,95,99,1965,female,1.5287233
270,GMB,Gambia,100,120,1965,female,1.3057604
270,GMB,Gambia,0,0,1970,female,41.379945
270,GMB,Gambia,1,4,1970,female,45.397265
270,GMB,Gambia,5,9,1970,female,50.030519
270,GMB,Gambia,10,14,1970,female,47.366224
270,GMB,Gambia,15,19,1970,female,43.509118
270,GMB,Gambia,20,24,1970,female,40.017024
270,GMB,Gambia,25,29,1970,female,36.75893
270,GMB,Gambia,30,34,1970,female,33.495673
270,GMB,Gambia,35,39,1970,female,30.128738
270,GMB,Gambia,40,44,1970,female,26.695796
270,GMB,Gambia,45,49,1970,female,23.133961
270,GMB,Gambia,50,54,1970,female,19.468074
270,GMB,Gambia,55,59,1970,female,15.937809
270,GMB,Gambia,60,64,1970,female,12.57171
270,GMB,Gambia,65,69,1970,female,9.6688034
270,GMB,Gambia,70,74,1970,female,7.166684
270,GMB,Gambia,75,79,1970,female,5.1842774
270,GMB,Gambia,80,84,1970,female,3.6855949
270,GMB,Gambia,85,89,1970,female,2.6855022
270,GMB,Gambia,90,94,1970,female,2.0012198
270,GMB,Gambia,95,99,1970,female,1.6614848
270,GMB,Gambia,100,120,1970,female,1.3918015
270,GMB,Gambia,0,0,1975,female,45.571837
270,GMB,Gambia,1,4,1975,female,49.435776
270,GMB,Gambia,5,9,1975,female,53.078144
270,GMB,Gambia,10,14,1975,female,50.043643
270,GMB,Gambia,15,19,1975,female,46.027795
270,GMB,Gambia,20,24,1975,female,42.338309
270,GMB,Gambia,25,29,1975,female,38.853441
270,GMB,Gambia,30,34,1975,female,35.370794
270,GMB,Gambia,35,39,1975,female,31.794578
270,GMB,Gambia,40,44,1975,female,28.169609
270,GMB,Gambia,45,49,1975,female,24.449981
270,GMB,Gambia,50,54,1975,female,20.657372
270,GMB,Gambia,55,59,1975,female,16.999288
270,GMB,Gambia,60,64,1975,female,13.507144
270,GMB,Gambia,65,69,1975,female,10.446913
270,GMB,Gambia,70,74,1975,female,7.7864345
270,GMB,Gambia,75,79,1975,female,5.6524728
270,GMB,Gambia,80,84,1975,female,4.0184814
270,GMB,Gambia,85,89,1975,female,2.9091581
270,GMB,Gambia,90,94,1975,female,2.1606086
270,GMB,Gambia,95,99,1975,female,1.7632779
270,GMB,Gambia,100,120,1975,female,1.4553724
270,GMB,Gambia,0,0,1980,female,49.571585
270,GMB,Gambia,1,4,1980,female,53.243893
270,GMB,Gambia,5,9,1980,female,55.872949
270,GMB,Gambia,10,14,1980,female,52.478553
270,GMB,Gambia,15,19,1980,female,48.30734
270,GMB,Gambia,20,24,1980,female,44.421002
270,GMB,Gambia,25,29,1980,female,40.715136
270,GMB,Gambia,30,34,1980,female,37.019113
270,GMB,Gambia,35,39,1980,female,33.247647
270,GMB,Gambia,40,44,1980,female,29.44368
270,GMB,Gambia,45,49,1980,female,25.580576
270,GMB,Gambia,50,54,1980,female,21.674351
270,GMB,Gambia,55,59,1980,female,17.903875
270,GMB,Gambia,60,64,1980,female,14.299241
270,GMB,Gambia,65,69,1980,female,11.097876
270,GMB,Gambia,70,74,1980,female,8.2950568
270,GMB,Gambia,75,79,1980,female,6.0258366
270,GMB,Gambia,80,84,1980,female,4.2747662
270,GMB,Gambia,85,89,1980,female,3.0744804
270,GMB,Gambia,90,94,1980,female,2.2686903
270,GMB,Gambia,95,99,1980,female,1.8290293
270,GMB,Gambia,100,120,1980,female,1.4935783
270,GMB,Gambia,0,0,1985,female,52.725448
270,GMB,Gambia,1,4,1985,female,56.200195
270,GMB,Gambia,5,9,1985,female,57.94687
270,GMB,Gambia,10,14,1985,female,54.303689
270,GMB,Gambia,15,19,1985,female,50.017196
270,GMB,Gambia,20,24,1985,female,45.979774
270,GMB,Gambia,25,29,1985,female,42.105556
270,GMB,Gambia,30,34,1985,female,38.24688
270,GMB,Gambia,35,39,1985,female,34.327655
270,GMB,Gambia,40,44,1985,female,30.390036
270,GMB,Gambia,45,49,1985,female,26.419898
270,GMB,Gambia,50,54,1985,female,22.428118
270,GMB,Gambia,55,59,1985,female,18.575066
270,GMB,Gambia,60,64,1985,female,14.885689
270,GMB,Gambia,65,69,1985,female,11.580147
270,GMB,Gambia,70,74,1985,female,8.6701168
270,GMB,Gambia,75,79,1985,female,6.2972341
270,GMB,Gambia,80,84,1985,female,4.4579333
270,GMB,Gambia,85,89,1985,female,3.1895103
270,GMB,Gambia,90,94,1985,female,2.3384251
270,GMB,Gambia,95,99,1985,female,1.8714635
270,GMB,Gambia,100,120,1985,female,1.5169323
270,GMB,Gambia,0,0,1990,female,54.173956
270,GMB,Gambia,1,4,1990,female,57.189435
270,GMB,Gambia,5,9,1990,female,58.217128
270,GMB,Gambia,10,14,1990,female,54.546617
270,GMB,Gambia,15,19,1990,female,50.239837
270,GMB,Gambia,20,24,1990,female,46.18334
270,GMB,Gambia,25,29,1990,female,42.287805
270,GMB,Gambia,30,34,1990,female,38.408476
270,GMB,Gambia,35,39,1990,female,34.470406
270,GMB,Gambia,40,44,1990,female,30.515649
270,GMB,Gambia,45,49,1990,female,26.531632
270,GMB,Gambia,50,54,1990,female,22.528643
270,GMB,Gambia,55,59,1990,female,18.664655
270,GMB,Gambia,60,64,1990,female,14.96399
270,GMB,Gambia,65,69,1990,female,11.644516
270,GMB,Gambia,70,74,1990,female,8.7200205
270,GMB,Gambia,75,79,1990,female,6.3329434
270,GMB,Gambia,80,84,1990,female,4.4810456
270,GMB,Gambia,85,89,1990,female,3.2009134
270,GMB,Gambia,90,94,1990,female,2.329375
270,GMB,Gambia,95,99,1990,female,1.7153657
270,GMB,Gambia,100,120,1990,female,1.5
270,GMB,Gambia,0,0,1995,female,56.233185
270,GMB,Gambia,1,4,1995,female,58.872134
270,GMB,Gambia,5,9,1995,female,58.849934
270,GMB,Gambia,10,14,1995,female,55.110698
270,GMB,Gambia,15,19,1995,female,50.763526
270,GMB,Gambia,20,24,1995,female,46.662491
270,GMB,Gambia,25,29,1995,female,42.717119
270,GMB,Gambia,30,34,1995,female,38.78952
270,GMB,Gambia,35,39,1995,female,34.807327
270,GMB,Gambia,40,44,1995,female,30.812436
270,GMB,Gambia,45,49,1995,female,26.795848
270,GMB,Gambia,50,54,1995,female,22.766485
270,GMB,Gambia,55,59,1995,female,18.876708
270,GMB,Gambia,60,64,1995,female,15.149417
270,GMB,Gambia,65,69,1995,female,11.797086
270,GMB,Gambia,70,74,1995,female,8.83858
270,GMB,Gambia,75,79,1995,female,6.4184516
270,GMB,Gambia,80,84,1995,female,4.5382736
270,GMB,Gambia,85,89,1995,female,3.2363419
270,GMB,Gambia,90,94,1995,female,2.3502095
270,GMB,Gambia,95,99,1995,female,1.7323277
270,GMB,Gambia,100,120,1995,female,1.5
270,GMB,Gambia,0,0,2000,female,58.082322
270,GMB,Gambia,1,4,2000,female,60.375969
270,GMB,Gambia,5,9,2000,female,59.427753
270,GMB,Gambia,10,14,2000,female,55.626558
270,GMB,Gambia,15,19,2000,female,51.242172
270,GMB,Gambia,20,24,2000,female,47.100819
270,GMB,Gambia,25,29,2000,female,43.110299
270,GMB,Gambia,30,34,2000,female,39.13897
270,GMB,Gambia,35,39,2000,female,35.116678
270,GMB,Gambia,40,44,2000,female,31.085286
270,GMB,Gambia,45,49,2000,female,27.038942
270,GMB,Gambia,50,54,2000,female,22.985364
270,GMB,Gambia,55,59,2000,female,19.071809
270,GMB,Gambia,60,64,2000,female,15.319925
270,GMB,Gambia,65,69,2000,female,11.93722
270,GMB,Gambia,70,74,2000,female,8.947246
270,GMB,Gambia,75,79,2000,female,6.4965341
270,GMB,Gambia,80,84,2000,female,4.5901874
270,GMB,Gambia,85,89,2000,female,3.268168
270,GMB,Gambia,90,94,2000,female,2.3686771
270,GMB,Gambia,95,99,2000,female,1.7467737
270,GMB,Gambia,100,120,2000,female,1.5
270,GMB,Gambia,0,0,2005,female,60.162462
270,GMB,Gambia,1,4,2005,female,62.142715
270,GMB,Gambia,5,9,2005,female,60.416732
270,GMB,Gambia,10,14,2005,female,56.506928
270,GMB,Gambia,15,19,2005,female,52.066196
270,GMB,Gambia,20,24,2005,female,47.856778
270,GMB,Gambia,25,29,2005,female,43.789786
270,GMB,Gambia,30,34,2005,female,39.744291
270,GMB,Gambia,35,39,2005,female,35.653849
270,GMB,Gambia,40,44,2005,female,31.560321
270,GMB,Gambia,45,49,2005,female,27.46299
270,GMB,Gambia,50,54,2005,female,23.367631
270,GMB,Gambia,55,59,2005,female,19.412877
270,GMB,Gambia,60,64,2005,female,15.618215
270,GMB,Gambia,65,69,2005,female,12.182566
270,GMB,Gambia,70,74,2005,female,9.1375576
270,GMB,Gambia,75,79,2005,female,6.6331852
270,GMB,Gambia,80,84,2005,female,4.6807736
270,GMB,Gambia,85,89,2005,female,3.3234063
270,GMB,Gambia,90,94,2005,female,2.4004629
270,GMB,Gambia,95,99,2005,female,1.7707036
270,GMB,Gambia,100,120,2005,female,1.5
270,GMB,Gambia,0,0,2010,female,61.642053
270,GMB,Gambia,1,4,2010,female,63.534573
270,GMB,Gambia,5,9,2010,female,61.213684
270,GMB,Gambia,10,14,2010,female,57.217426
270,GMB,Gambia,15,19,2010,female,52.732588
270,GMB,Gambia,20,24,2010,female,48.46926
270,GMB,Gambia,25,29,2010,female,44.341441
270,GMB,Gambia,30,34,2010,female,40.236883
270,GMB,Gambia,35,39,2010,female,36.091966
270,GMB,Gambia,40,44,2010,female,31.948742
270,GMB,Gambia,45,49,2010,female,27.810333
270,GMB,Gambia,50,54,2010,female,23.681033
270,GMB,Gambia,55,59,2010,female,19.692684
270,GMB,Gambia,60,64,2010,female,15.862973
270,GMB,Gambia,65,69,2010,female,12.38383
270,GMB,Gambia,70,74,2010,female,9.2934759
270,GMB,Gambia,75,79,2010,female,6.7447914
270,GMB,Gambia,80,84,2010,female,4.7542258
270,GMB,Gambia,85,89,2010,female,3.3676612
270,GMB,Gambia,90,94,2010,female,2.4254388
270,GMB,Gambia,95,99,2010,female,1.7885778
270,GMB,Gambia,100,120,2010,female,1.5
270,GMB,Gambia,0,0,2015,female,62.946024
270,GMB,Gambia,1,4,2015,female,64.566556
270,GMB,Gambia,5,9,2015,female,62.081654
270,GMB,Gambia,10,14,2015,female,57.988181
270,GMB,Gambia,15,19,2015,female,53.456248
270,GMB,Gambia,20,24,2015,female,49.126577
270,GMB,Gambia,25,29,2015,female,44.927385
270,GMB,Gambia,30,34,2015,female,40.753724
270,GMB,Gambia,35,39,2015,female,36.547475
270,GMB,Gambia,40,44,2015,female,32.347402
270,GMB,Gambia,45,49,2015,female,28.157038
270,GMB,Gambia,50,54,2015,female,23.982365
270,GMB,Gambia,55,59,2015,female,19.950089
270,GMB,Gambia,60,64,2015,female,16.078569
270,GMB,Gambia,65,69,2015,female,12.55581
270,GMB,Gambia,70,74,2015,female,9.4233139
270,GMB,Gambia,75,79,2015,female,6.83622
270,GMB,Gambia,80,84,2015,female,4.812415
270,GMB,Gambia,85,89,2015,female,3.4011448
270,GMB,Gambia,90,94,2015,female,2.4421637
270,GMB,Gambia,95,99,2015,female,1.7905916
270,GMB,Gambia,100,120,2015,female,1.45
270,GMB,Gambia,0,0,2020,female,64.731
270,GMB,Gambia,1,4,2020,female,65.978641
270,GMB,Gambia,5,9,2020,female,63.268652
270,GMB,Gambia,10,14,2020,female,59.039673
270,GMB,Gambia,15,19,2020,female,54.43893
270,GMB,Gambia,20,24,2020,female,50.013452
270,GMB,Gambia,25,29,2020,female,45.70389
270,GMB,Gambia,30,34,2020,female,41.422039
270,GMB,Gambia,35,39,2020,female,37.119393
270,GMB,Gambia,40,44,2020,female,32.83227
270,GMB,Gambia,45,49,2020,female,28.565923
270,GMB,Gambia,50,54,2020,female,24.327558
270,GMB,Gambia,55,59,2020,female,20.236365
270,GMB,Gambia,60,64,2020,female,16.312954
270,GMB,Gambia,65,69,2020,female,12.740953
270,GMB,Gambia,70,74,2020,female,9.5638582
270,GMB,Gambia,75,79,2020,female,6.9360617
270,GMB,Gambia,80,84,2020,female,4.8795786
270,GMB,Gambia,85,89,2020,female,3.4429147
270,GMB,Gambia,90,94,2020,female,2.4666051
270,GMB,Gambia,95,99,2020,female,1.804321
270,GMB,Gambia,100,120,2020,female,1.4530413
270,GMB,Gambia,0,0,2025,female,66.226401
270,GMB,Gambia,1,4,2025,female,67.195353
270,GMB,Gambia,5,9,2025,female,64.313914
270,GMB,Gambia,10,14,2025,female,59.972611
270,GMB,Gambia,15,19,2025,female,55.316612
270,GMB,Gambia,20,24,2025,female,50.810953
270,GMB,Gambia,25,29,2025,female,46.408361
270,GMB,Gambia,30,34,2025,female,42.035482
270,GMB,Gambia,35,39,2025,female,37.652178
270,GMB,Gambia,40,44,2025,female,33.292076
270,GMB,Gambia,45,49,2025,female,28.9642
270,GMB,Gambia,50,54,2025,female,24.674315
270,GMB,Gambia,55,59,2025,female,20.536032
270,GMB,Gambia,60,64,2025,female,16.56978
270,GMB,Gambia,65,69,2025,female,12.954747
270,GMB,Gambia,70,74,2025,female,9.7381503
270,GMB,Gambia,75,79,2025,female,7.0721254
270,GMB,Gambia,80,84,2025,female,4.9809986
270,GMB,Gambia,85,89,2025,female,3.5145826
270,GMB,Gambia,90,94,2025,female,2.5159781
270,GMB,Gambia,95,99,2025,female,1.8381339
270,GMB,Gambia,100,120,2025,female,1.4737476
270,GMB,Gambia,0,0,2030,female,67.5045
270,GMB,Gambia,1,4,2030,female,68.23731
270,GMB,Gambia,5,9,2030,female,65.207644
270,GMB,Gambia,10,14,2030,female,60.771794
270,GMB,Gambia,15,19,2030,female,56.06993
270,GMB,Gambia,20,24,2030,female,51.498753
270,GMB,Gambia,25,29,2030,female,47.020545
270,GMB,Gambia,30,34,2030,female,42.573512
270,GMB,Gambia,35,39,2030,female,38.123943
270,GMB,Gambia,40,44,2030,female,33.703274
270,GMB,Gambia,45,49,2030,female,29.324322
270,GMB,Gambia,50,54,2030,female,24.991322
270,GMB,Gambia,55,59,2030,female,20.813527
270,GMB,Gambia,60,64,2030,female,16.810502
270,GMB,Gambia,65,69,2030,female,13.157984
270,GMB,Gambia,70,74,2030,female,9.906608
270,GMB,Gambia,75,79,2030,female,7.2063009
270,GMB,Gambia,80,84,2030,female,5.0833973
270,GMB,Gambia,85,89,2030,female,3.5888079
270,GMB,Gambia,90,94,2030,female,2.5683946
270,GMB,Gambia,95,99,2030,female,1.8747999
270,GMB,Gambia,100,120,2030,female,1.4965574
270,GMB,Gambia,0,0,2035,female,68.6084
270,GMB,Gambia,1,4,2035,female,69.145332
270,GMB,Gambia,5,9,2035,female,65.98858
270,GMB,Gambia,10,14,2035,female,61.474307
270,GMB,Gambia,15,19,2035,female,56.735269
270,GMB,Gambia,20,24,2035,female,52.112138
270,GMB,Gambia,25,29,2035,female,47.57434
270,GMB,Gambia,30,34,2035,female,43.068467
270,GMB,Gambia,35,39,2035,female,38.565425
270,GMB,Gambia,40,44,2035,female,34.094897
270,GMB,Gambia,45,49,2035,female,29.673474
270,GMB,Gambia,50,54,2035,female,25.303895
270,GMB,Gambia,55,59,2035,female,21.091953
270,GMB,Gambia,60,64,2035,female,17.055797
270,GMB,Gambia,65,69,2035,female,13.36822
270,GMB,Gambia,70,74,2035,female,10.083121
270,GMB,Gambia,75,79,2035,female,7.3483812
270,GMB,Gambia,80,84,2035,female,5.1926763
270,GMB,Gambia,85,89,2035,female,3.668378
270,GMB,Gambia,90,94,2035,female,2.6246098
270,GMB,Gambia,95,99,2035,female,1.9139855
270,GMB,Gambia,100,120,2035,female,1.5206972
270,GMB,Gambia,0,0,2040,female,69.5823
270,GMB,Gambia,1,4,2040,female,69.956147
270,GMB,Gambia,5,9,2040,female,66.690253
270,GMB,Gambia,10,14,2040,female,62.110096
270,GMB,Gambia,15,19,2040,female,57.340242
270,GMB,Gambia,20,24,2040,female,52.674781
270,GMB,Gambia,25,29,2040,female,48.088655
270,GMB,Gambia,30,34,2040,female,43.534703
270,GMB,Gambia,35,39,2040,female,38.987211
270,GMB,Gambia,40,44,2040,female,34.474424
270,GMB,Gambia,45,49,2040,female,30.01665
270,GMB,Gambia,50,54,2040,female,25.615164
270,GMB,Gambia,55,59,2040,female,21.372931
270,GMB,Gambia,60,64,2040,female,17.30622
270,GMB,Gambia,65,69,2040,female,13.585243
270,GMB,Gambia,70,74,2040,female,10.267024
270,GMB,Gambia,75,79,2040,female,7.4975012
270,GMB,Gambia,80,84,2040,female,5.3079671
270,GMB,Gambia,85,89,2040,female,3.7525381
270,GMB,Gambia,90,94,2040,female,2.6840326
270,GMB,Gambia,95,99,2040,female,1.9552604
270,GMB,Gambia,100,120,2040,female,1.5458958
270,GMB,Gambia,0,0,2045,female,70.4976
270,GMB,Gambia,1,4,2045,female,70.728019
270,GMB,Gambia,5,9,2045,female,67.363313
270,GMB,Gambia,10,14,2045,female,62.724768
270,GMB,Gambia,15,19,2045,female,57.927753
270,GMB,Gambia,20,24,2045,female,53.225466
270,GMB,Gambia,25,29,2045,female,48.597364
270,GMB,Gambia,30,34,2045,female,44.001317
270,GMB,Gambia,35,39,2045,female,39.414318
270,GMB,Gambia,40,44,2045,female,34.863359
270,GMB,Gambia,45,49,2045,female,30.37226
270,GMB,Gambia,50,54,2045,female,25.941011
270,GMB,Gambia,55,59,2045,female,21.669974
270,GMB,Gambia,60,64,2045,female,17.573323
270,GMB,Gambia,65,69,2045,female,13.81872
270,GMB,Gambia,70,74,2045,female,10.466258
270,GMB,Gambia,75,79,2045,female,7.65996
270,GMB,Gambia,80,84,2045,female,5.4340658
270,GMB,Gambia,85,89,2045,female,3.8447696
270,GMB,Gambia,90,94,2045,female,2.7490765
270,GMB,Gambia,95,99,2045,female,2.0002218
270,GMB,Gambia,100,120,2045,female,1.5731157
270,GMB,Gambia,0,0,2050,female,71.3267
270,GMB,Gambia,1,4,2050,female,71.439442
270,GMB,Gambia,5,9,2050,female,67.990093
270,GMB,Gambia,10,14,2050,female,63.302081
270,GMB,Gambia,15,19,2050,female,58.482132
270,GMB,Gambia,20,24,2050,female,53.748971
270,GMB,Gambia,25,29,2050,female,49.085653
270,GMB,Gambia,30,34,2050,female,44.453991
270,GMB,Gambia,35,39,2050,female,39.833073
270,GMB,Gambia,40,44,2050,female,35.248821
270,GMB,Gambia,45,49,2050,female,30.728267
270,GMB,Gambia,50,54,2050,female,26.270279
270,GMB,Gambia,55,59,2050,female,21.972873
270,GMB,Gambia,60,64,2050,female,17.847975
270,GMB,Gambia,65,69,2050,female,14.060744
270,GMB,Gambia,70,74,2050,female,10.674238
270,GMB,Gambia,75,79,2050,female,7.8305565
270,GMB,Gambia,80,84,2050,female,5.5670759
270,GMB,Gambia,85,89,2050,female,3.9423142
270,GMB,Gambia,90,94,2050,female,2.8178734
270,GMB,Gambia,95,99,2050,female,2.047647
270,GMB,Gambia,100,120,2050,female,1.6016891
270,GMB,Gambia,0,0,2055,female,72.0947
270,GMB,Gambia,1,4,2055,female,72.113817
270,GMB,Gambia,5,9,2055,female,68.593026
270,GMB,Gambia,10,14,2055,female,63.863384
270,GMB,Gambia,15,19,2055,female,59.024002
270,GMB,Gambia,20,24,2055,female,54.264785
270,GMB,Gambia,25,29,2055,female,49.571675
270,GMB,Gambia,30,34,2055,female,44.909586
270,GMB,Gambia,35,39,2055,female,40.259198
270,GMB,Gambia,40,44,2055,female,35.645468
270,GMB,Gambia,45,49,2055,female,31.098392
270,GMB,Gambia,50,54,2055,female,26.615713
270,GMB,Gambia,55,59,2055,female,22.293239
270,GMB,Gambia,60,64,2055,female,18.140323
270,GMB,Gambia,65,69,2055,female,14.319555
270,GMB,Gambia,70,74,2055,female,10.896939
270,GMB,Gambia,75,79,2055,female,8.0127935
270,GMB,Gambia,80,84,2055,female,5.7082563
270,GMB,Gambia,85,89,2055,female,4.0447459
270,GMB,Gambia,90,94,2055,female,2.8890559
270,GMB,Gambia,95,99,2055,female,2.0958041
270,GMB,Gambia,100,120,2055,female,1.6296582
270,GMB,Gambia,0,0,2060,female,72.8376
270,GMB,Gambia,1,4,2060,female,72.780941
270,GMB,Gambia,5,9,2060,female,69.201845
270,GMB,Gambia,10,14,2060,female,64.437832
270,GMB,Gambia,15,19,2060,female,59.582212
270,GMB,Gambia,20,24,2060,female,54.800891
270,GMB,Gambia,25,29,2060,female,50.0823
270,GMB,Gambia,30,34,2060,female,45.39399
270,GMB,Gambia,35,39,2060,female,40.717912
270,GMB,Gambia,40,44,2060,female,36.078001
270,GMB,Gambia,45,49,2060,female,31.506555
270,GMB,Gambia,50,54,2060,female,27.000345
270,GMB,Gambia,55,59,2060,female,22.652824
270,GMB,Gambia,60,64,2060,female,18.470729
270,GMB,Gambia,65,69,2060,female,14.613735
270,GMB,Gambia,70,74,2060,female,11.150797
270,GMB,Gambia,75,79,2060,female,8.2206448
270,GMB,Gambia,80,84,2060,female,5.868895
270,GMB,Gambia,85,89,2060,female,4.1606826
270,GMB,Gambia,90,94,2060,female,2.9688118
270,GMB,Gambia,95,99,2060,female,2.148875
270,GMB,Gambia,100,120,2060,female,1.6596351
270,GMB,Gambia,0,0,2065,female,73.5616
270,GMB,Gambia,1,4,2065,female,73.445355
270,GMB,Gambia,5,9,2065,female,69.821125
270,GMB,Gambia,10,14,2065,female,65.029852
270,GMB,Gambia,15,19,2065,female,60.161234
270,GMB,Gambia,20,24,2065,female,55.361703
270,GMB,Gambia,25,29,2065,female,50.621904
270,GMB,Gambia,30,34,2065,female,45.911655
270,GMB,Gambia,35,39,2065,female,41.213906
270,GMB,Gambia,40,44,2065,female,36.551455
270,GMB,Gambia,45,49,2065,female,31.958082
270,GMB,Gambia,50,54,2065,female,27.429744
270,GMB,Gambia,55,59,2065,female,23.05733
270,GMB,Gambia,60,64,2065,female,18.845047
270,GMB,Gambia,65,69,2065,female,14.949224
270,GMB,Gambia,70,74,2065,female,11.441718
270,GMB,Gambia,75,79,2065,female,8.4598033
270,GMB,Gambia,80,84,2065,female,6.0541651
270,GMB,Gambia,85,89,2065,female,4.2944865
270,GMB,Gambia,90,94,2065,female,3.0605176
270,GMB,Gambia,95,99,2065,female,2.2092712
270,GMB,Gambia,100,120,2065,female,1.6932316
270,GMB,Gambia,0,0,2070,female,74.2477
270,GMB,Gambia,1,4,2070,female,74.085734
270,GMB,Gambia,5,9,2070,female,70.424798
270,GMB,Gambia,10,14,2070,female,65.6113
270,GMB,Gambia,15,19,2070,female,60.732041
270,GMB,Gambia,20,24,2070,female,55.917577
270,GMB,Gambia,25,29,2070,female,51.160367
270,GMB,Gambia,30,34,2070,female,46.431995
270,GMB,Gambia,35,39,2070,female,41.716085
270,GMB,Gambia,40,44,2070,female,37.034345
270,GMB,Gambia,45,49,2070,female,32.421732
270,GMB,Gambia,50,54,2070,female,27.873356
270,GMB,Gambia,55,59,2070,female,23.477617
270,GMB,Gambia,60,64,2070,female,19.235977
270,GMB,Gambia,65,69,2070,female,15.301317
270,GMB,Gambia,70,74,2070,female,11.748229
270,GMB,Gambia,75,79,2070,female,8.7125034
270,GMB,Gambia,80,84,2070,female,6.2501433
270,GMB,Gambia,85,89,2070,female,4.4358083
270,GMB,Gambia,90,94,2070,female,3.1568746
270,GMB,Gambia,95,99,2070,female,2.2720933
270,GMB,Gambia,100,120,2070,female,1.7274377
270,GMB,Gambia,0,0,2075,female,74.897499
270,GMB,Gambia,1,4,2075,female,74.700796
270,GMB,Gambia,5,9,2075,female,71.009976
270,GMB,Gambia,10,14,2075,female,66.178328
270,GMB,Gambia,15,19,2075,female,61.29033
270,GMB,Gambia,20,24,2075,female,56.463562
270,GMB,Gambia,25,29,2075,female,51.691972
270,GMB,Gambia,30,34,2075,female,46.948534
270,GMB,Gambia,35,39,2075,female,42.217312
270,GMB,Gambia,40,44,2075,female,37.518995
270,GMB,Gambia,45,49,2075,female,32.889478
270,GMB,Gambia,50,54,2075,female,28.323017
270,GMB,Gambia,55,59,2075,female,23.905616
270,GMB,Gambia,60,64,2075,female,19.635826
270,GMB,Gambia,65,69,2075,female,15.663035
270,GMB,Gambia,70,74,2075,female,12.064371
270,GMB,Gambia,75,79,2075,female,8.9740431
270,GMB,Gambia,80,84,2075,female,6.4534294
270,GMB,Gambia,85,89,2075,female,4.5824167
270,GMB,Gambia,90,94,2075,female,3.256547
270,GMB,Gambia,95,99,2075,female,2.3366214
270,GMB,Gambia,100,120,2075,female,1.7620681
270,GMB,Gambia,0,0,2080,female,75.521799
270,GMB,Gambia,1,4,2080,female,75.302195
270,GMB,Gambia,5,9,2080,female,71.591736
270,GMB,Gambia,10,14,2080,female,66.747103
270,GMB,Gambia,15,19,2080,female,61.852833
270,GMB,Gambia,20,24,2080,female,57.01671
270,GMB,Gambia,25,29,2080,female,52.233986
270,GMB,Gambia,30,34,2080,female,47.478749
270,GMB,Gambia,35,39,2080,female,42.735356
270,GMB,Gambia,40,44,2080,female,38.023418
270,GMB,Gambia,45,49,2080,female,33.379369
270,GMB,Gambia,50,54,2080,female,28.796479
270,GMB,Gambia,55,59,2080,female,24.358368
270,GMB,Gambia,60,64,2080,female,20.060928
270,GMB,Gambia,65,69,2080,female,16.049713
270,GMB,Gambia,70,74,2080,female,12.404257
270,GMB,Gambia,75,79,2080,female,9.2571406
270,GMB,Gambia,80,84,2080,female,6.6750702
270,GMB,Gambia,85,89,2080,female,4.7435067
270,GMB,Gambia,90,94,2080,female,3.3667517
270,GMB,Gambia,95,99,2080,female,2.4082194
270,GMB,Gambia,100,120,2080,female,1.8009961
270,GMB,Gambia,0,0,2085,female,76.142899
270,GMB,Gambia,1,4,2085,female,75.905701
270,GMB,Gambia,5,9,2085,female,72.180127
270,GMB,Gambia,10,14,2085,female,67.325102
270,GMB,Gambia,15,19,2085,female,62.425731
270,GMB,Gambia,20,24,2085,female,57.58175
270,GMB,Gambia,25,29,2085,female,52.789558
270,GMB,Gambia,30,34,2085,female,48.024201
270,GMB,Gambia,35,39,2085,female,43.270243
270,GMB,Gambia,40,44,2085,female,38.546223
270,GMB,Gambia,45,49,2085,female,33.888857
270,GMB,Gambia,50,54,2085,female,29.290435
270,GMB,Gambia,55,59,2085,female,24.832166
270,GMB,Gambia,60,64,2085,female,20.507302
270,GMB,Gambia,65,69,2085,female,16.457354
270,GMB,Gambia,70,74,2085,female,12.764063
270,GMB,Gambia,75,79,2085,female,9.5582393
270,GMB,Gambia,80,84,2085,female,6.9118777
270,GMB,Gambia,85,89,2085,female,4.9162734
270,GMB,Gambia,90,94,2085,female,3.4851257
270,GMB,Gambia,95,99,2085,female,2.4849669
270,GMB,Gambia,100,120,2085,female,1.8426457
270,GMB,Gambia,0,0,2090,female,76.752099
270,GMB,Gambia,1,4,2090,female,76.50141
270,GMB,Gambia,5,9,2090,female,72.763859
270,GMB,Gambia,10,14,2090,female,67.900395
270,GMB,Gambia,15,19,2090,female,62.996801
270,GMB,Gambia,20,24,2090,female,58.146151
270,GMB,Gambia,25,29,2090,female,53.345834
270,GMB,Gambia,30,34,2090,female,48.571715
270,GMB,Gambia,35,39,2090,female,43.808499
270,GMB,Gambia,40,44,2090,female,39.07371
270,GMB,Gambia,45,49,2090,female,34.40418
270,GMB,Gambia,50,54,2090,female,29.791267
270,GMB,Gambia,55,59,2090,female,25.313813
270,GMB,Gambia,60,64,2090,female,20.962418
270,GMB,Gambia,65,69,2090,female,16.874496
270,GMB,Gambia,70,74,2090,female,13.133768
270,GMB,Gambia,75,79,2090,female,9.8690814
270,GMB,Gambia,80,84,2090,female,7.1574975
270,GMB,Gambia,85,89,2090,female,5.096172
270,GMB,Gambia,90,94,2090,female,3.6086274
270,GMB,Gambia,95,99,2090,female,2.5649473
270,GMB,Gambia,100,120,2090,female,1.8860353
270,GMB,Gambia,0,0,2095,female,77.356899
270,GMB,Gambia,1,4,2095,female,77.09509
270,GMB,Gambia,5,9,2095,female,73.347795
270,GMB,Gambia,10,14,2095,female,68.477332
270,GMB,Gambia,15,19,2095,female,63.570133
270,GMB,Gambia,20,24,2095,female,58.713634
270,GMB,Gambia,25,29,2095,female,53.90609
270,GMB,Gambia,30,34,2095,female,49.124095
270,GMB,Gambia,35,39,2095,female,44.35248
270,GMB,Gambia,40,44,2095,female,39.607792
270,GMB,Gambia,45,49,2095,female,34.926841
270,GMB,Gambia,50,54,2095,female,30.300126
270,GMB,Gambia,55,59,2095,female,25.804158
270,GMB,Gambia,60,64,2095,female,21.426918
270,GMB,Gambia,65,69,2095,female,17.301674
270,GMB,Gambia,70,74,2095,female,13.5139
270,GMB,Gambia,75,79,2095,female,10.190276
270,GMB,Gambia,80,84,2095,female,7.4126395
270,GMB,Gambia,85,89,2095,female,5.2839633
270,GMB,Gambia,90,94,2095,female,3.7379689
270,GMB,Gambia,95,99,2095,female,2.6487519
270,GMB,Gambia,100,120,2095,female,1.9316673
270,GMB,Gambia,0,0,1950,male,29.091268
270,GMB,Gambia,1,4,1950,male,33.665921
270,GMB,Gambia,5,9,1950,male,42.349506
270,GMB,Gambia,10,14,1950,male,40.114058
270,GMB,Gambia,15,19,1950,male,36.389183
270,GMB,Gambia,20,24,1950,male,33.128835
270,GMB,Gambia,25,29,1950,male,30.56064
270,GMB,Gambia,30,34,1950,male,27.794548
270,GMB,Gambia,35,39,1950,male,24.785344
270,GMB,Gambia,40,44,1950,male,21.729003
270,GMB,Gambia,45,49,1950,male,18.736066
270,GMB,Gambia,50,54,1950,male,15.741767
270,GMB,Gambia,55,59,1950,male,12.861565
270,GMB,Gambia,60,64,1950,male,10.126447
270,GMB,Gambia,65,69,1950,male,7.7556305
270,GMB,Gambia,70,74,1950,male,5.6981448
270,GMB,Gambia,75,79,1950,male,4.0814051
270,GMB,Gambia,80,84,1950,male,2.90363
270,GMB,Gambia,85,89,1950,male,2.1252462
270,GMB,Gambia,90,94,1950,male,1.5710129
270,GMB,Gambia,95,99,1950,male,1.3827019
270,GMB,Gambia,100,120,1950,male,1.2122373
270,GMB,Gambia,0,0,1955,male,30.357379
270,GMB,Gambia,1,4,1955,male,34.906438
270,GMB,Gambia,5,9,1955,male,43.184571
270,GMB,Gambia,10,14,1955,male,40.85902
270,GMB,Gambia,15,19,1955,male,37.096148
270,GMB,Gambia,20,24,1955,male,33.784865
270,GMB,Gambia,25,29,1955,male,31.145132
270,GMB,Gambia,30,34,1955,male,28.310907
270,GMB,Gambia,35,39,1955,male,25.245635
270,GMB,Gambia,40,44,1955,male,22.136508
270,GMB,Gambia,45,49,1955,male,19.092706
270,GMB,Gambia,50,54,1955,male,16.053029
270,GMB,Gambia,55,59,1955,male,13.132471
270,GMB,Gambia,60,64,1955,male,10.361721
270,GMB,Gambia,65,69,1955,male,7.9540518
270,GMB,Gambia,70,74,1955,male,5.8611621
270,GMB,Gambia,75,79,1955,male,4.2104091
270,GMB,Gambia,80,84,1955,male,2.9988542
270,GMB,Gambia,85,89,1955,male,2.188926
270,GMB,Gambia,90,94,1955,male,1.6107989
270,GMB,Gambia,95,99,1955,male,1.4091821
270,GMB,Gambia,100,120,1955,male,1.2283563
270,GMB,Gambia,0,0,1960,male,31.617203
270,GMB,Gambia,1,4,1960,male,36.13488
270,GMB,Gambia,5,9,1960,male,44.015417
270,GMB,Gambia,10,14,1960,male,41.599608
270,GMB,Gambia,15,19,1960,male,37.798636
270,GMB,Gambia,20,24,1960,male,34.436245
270,GMB,Gambia,25,29,1960,male,31.724948
270,GMB,Gambia,30,34,1960,male,28.822743
270,GMB,Gambia,35,39,1960,male,25.701666
270,GMB,Gambia,40,44,1960,male,22.540022
270,GMB,Gambia,45,49,1960,male,19.44567
270,GMB,Gambia,50,54,1960,male,16.360935
270,GMB,Gambia,55,59,1960,male,13.40009
270,GMB,Gambia,60,64,1960,male,10.593584
270,GMB,Gambia,65,69,1960,male,8.1487511
270,GMB,Gambia,70,74,1960,male,6.0198628
270,GMB,Gambia,75,79,1960,male,4.3343979
270,GMB,Gambia,80,84,1960,male,3.0896978
270,GMB,Gambia,85,89,1960,male,2.2495579
270,GMB,Gambia,90,94,1960,male,1.6485377
270,GMB,Gambia,95,99,1960,male,1.4341735
270,GMB,Gambia,100,120,1960,male,1.2435272
270,GMB,Gambia,0,0,1965,male,34.637515
270,GMB,Gambia,1,4,1965,male,38.875817
270,GMB,Gambia,5,9,1965,male,45.224971
270,GMB,Gambia,10,14,1965,male,42.659944
270,GMB,Gambia,15,19,1965,male,38.806038
270,GMB,Gambia,20,24,1965,male,35.370369
270,GMB,Gambia,25,29,1965,male,32.556656
270,GMB,Gambia,30,34,1965,male,29.557338
270,GMB,Gambia,35,39,1965,male,26.356571
270,GMB,Gambia,40,44,1965,male,23.11993
270,GMB,Gambia,45,49,1965,male,19.953436
270,GMB,Gambia,50,54,1965,male,16.804416
270,GMB,Gambia,55,59,1965,male,13.785726
270,GMB,Gambia,60,64,1965,male,10.927612
270,GMB,Gambia,65,69,1965,male,8.4288509
270,GMB,Gambia,70,74,1965,male,6.2473703
270,GMB,Gambia,75,79,1965,male,4.5110333
270,GMB,Gambia,80,84,1965,male,3.2185567
270,GMB,Gambia,85,89,1965,male,2.3354512
270,GMB,Gambia,90,94,1965,male,1.7017483
270,GMB,Gambia,95,99,1965,male,1.4684903
270,GMB,Gambia,100,120,1965,male,1.2641742
270,GMB,Gambia,0,0,1970,male,38.886871
270,GMB,Gambia,1,4,1970,male,43.034085
270,GMB,Gambia,5,9,1970,male,48.40855
270,GMB,Gambia,10,14,1970,male,45.507451
270,GMB,Gambia,15,19,1970,male,41.505311
270,GMB,Gambia,20,24,1970,male,37.871805
270,GMB,Gambia,25,29,1970,male,34.783112
270,GMB,Gambia,30,34,1970,male,31.524314
270,GMB,Gambia,35,39,1970,male,28.110873
270,GMB,Gambia,40,44,1970,male,24.674276
270,GMB,Gambia,45,49,1970,male,21.315484
270,GMB,Gambia,50,54,1970,male,17.994932
270,GMB,Gambia,55,59,1970,male,14.820517
270,GMB,Gambia,60,64,1970,male,11.821988
270,GMB,Gambia,65,69,1970,male,9.1751012
270,GMB,Gambia,70,74,1970,male,6.8475574
270,GMB,Gambia,75,79,1970,male,4.9695451
270,GMB,Gambia,80,84,1970,male,3.5491103
270,GMB,Gambia,85,89,1970,male,2.553453
270,GMB,Gambia,90,94,1970,male,1.8641802
270,GMB,Gambia,95,99,1970,male,1.5719693
270,GMB,Gambia,100,120,1970,male,1.3289415
270,GMB,Gambia,0,0,1975,male,43.036998
270,GMB,Gambia,1,4,1975,male,47.031678
270,GMB,Gambia,5,9,1975,male,51.369878
270,GMB,Gambia,10,14,1975,male,48.142023
270,GMB,Gambia,15,19,1975,male,44.002041
270,GMB,Gambia,20,24,1975,male,40.183866
270,GMB,Gambia,25,29,1975,male,36.839589
270,GMB,Gambia,30,34,1975,male,33.341283
270,GMB,Gambia,35,39,1975,male,29.731714
270,GMB,Gambia,40,44,1975,male,26.110829
270,GMB,Gambia,45,49,1975,male,22.575033
270,GMB,Gambia,50,54,1975,male,19.096086
270,GMB,Gambia,55,59,1975,male,15.776825
270,GMB,Gambia,60,64,1975,male,12.646005
270,GMB,Gambia,65,69,1975,male,9.8580507
270,GMB,Gambia,70,74,1975,male,7.3898852
270,GMB,Gambia,75,79,1975,male,5.3756536
270,GMB,Gambia,80,84,1975,male,3.8365016
270,GMB,Gambia,85,89,1975,male,2.7410877
270,GMB,Gambia,90,94,1975,male,2.002785
270,GMB,Gambia,95,99,1975,male,1.6590466
270,GMB,Gambia,100,120,1975,male,1.3829147
270,GMB,Gambia,0,0,1980,male,47.012252
270,GMB,Gambia,1,4,1980,male,50.811301
270,GMB,Gambia,5,9,1980,male,54.087657
270,GMB,Gambia,10,14,1980,male,50.521447
270,GMB,Gambia,15,19,1980,male,46.247303
270,GMB,Gambia,20,24,1980,male,42.249682
270,GMB,Gambia,25,29,1980,male,38.658613
270,GMB,Gambia,30,34,1980,male,34.930902
270,GMB,Gambia,35,39,1980,male,31.147954
270,GMB,Gambia,40,44,1980,male,27.358994
270,GMB,Gambia,45,49,1980,male,23.665886
270,GMB,Gambia,50,54,1980,male,20.046892
270,GMB,Gambia,55,59,1980,male,16.597452
270,GMB,Gambia,60,64,1980,male,13.349295
270,GMB,Gambia,65,69,1980,male,10.433996
270,GMB,Gambia,70,74,1980,male,7.8395531
270,GMB,Gambia,75,79,1980,male,5.7047195
270,GMB,Gambia,80,84,1980,male,4.0627012
270,GMB,Gambia,85,89,1980,male,2.8843656
270,GMB,Gambia,90,94,1980,male,2.0990902
270,GMB,Gambia,95,99,1980,male,1.7176125
270,GMB,Gambia,100,120,1980,male,1.4172249
270,GMB,Gambia,0,0,1985,male,50.136679
270,GMB,Gambia,1,4,1985,male,53.732922
270,GMB,Gambia,5,9,1985,male,56.086295
270,GMB,Gambia,10,14,1985,male,52.2946
270,GMB,Gambia,15,19,1985,male,47.926974
270,GMB,Gambia,20,24,1985,male,43.798943
270,GMB,Gambia,25,29,1985,male,40.018739
270,GMB,Gambia,30,34,1985,male,36.123415
270,GMB,Gambia,35,39,1985,male,32.200233
270,GMB,Gambia,40,44,1985,male,28.280153
270,GMB,Gambia,45,49,1985,male,24.463568
270,GMB,Gambia,50,54,1985,male,20.737367
270,GMB,Gambia,55,59,1985,male,17.193133
270,GMB,Gambia,60,64,1985,male,13.85889
270,GMB,Gambia,65,69,1985,male,10.850572
270,GMB,Gambia,70,74,1985,male,8.162328
270,GMB,Gambia,75,79,1985,male,5.9365404
270,GMB,Gambia,80,84,1985,male,4.2190187
270,GMB,Gambia,85,89,1985,male,2.9806891
270,GMB,Gambia,90,94,1985,male,2.1598186
270,GMB,Gambia,95,99,1985,male,1.7531939
270,GMB,Gambia,100,120,1985,male,1.4368568
270,GMB,Gambia,0,0,1990,male,51.722362
270,GMB,Gambia,1,4,1990,male,55.357568
270,GMB,Gambia,5,9,1990,male,56.336749
270,GMB,Gambia,10,14,1990,male,52.507189
270,GMB,Gambia,15,19,1990,male,48.129495
270,GMB,Gambia,20,24,1990,male,43.986017
270,GMB,Gambia,25,29,1990,male,40.183638
270,GMB,Gambia,30,34,1990,male,36.268573
270,GMB,Gambia,35,39,1990,male,32.32876
270,GMB,Gambia,40,44,1990,male,28.393076
270,GMB,Gambia,45,49,1990,male,24.561675
270,GMB,Gambia,50,54,1990,male,20.822469
270,GMB,Gambia,55,59,1990,male,17.266613
270,GMB,Gambia,60,64,1990,male,13.921704
270,GMB,Gambia,65,69,1990,male,10.901818
270,GMB,Gambia,70,74,1990,male,8.2018459
270,GMB,Gambia,75,79,1990,male,5.9645785
270,GMB,Gambia,80,84,1990,male,4.2371498
270,GMB,Gambia,85,89,1990,male,2.9893997
270,GMB,Gambia,90,94,1990,male,2.1512334
270,GMB,Gambia,95,99,1990,male,1.5856637
270,GMB,Gambia,100,120,1990,male,1.5
270,GMB,Gambia,0,0,1995,male,53.766946
270,GMB,Gambia,1,4,1995,male,56.985296
270,GMB,Gambia,5,9,1995,male,56.936294
270,GMB,Gambia,10,14,1995,male,53.029281
270,GMB,Gambia,15,19,1995,male,48.625709
270,GMB,Gambia,20,24,1995,male,44.444518
270,GMB,Gambia,25,29,1995,male,40.588135
270,GMB,Gambia,30,34,1995,male,36.624968
270,GMB,Gambia,35,39,1995,male,32.644582
270,GMB,Gambia,40,44,1995,male,28.670825
270,GMB,Gambia,45,49,1995,male,24.803206
270,GMB,Gambia,50,54,1995,male,21.032146
270,GMB,Gambia,55,59,1995,male,17.447777
270,GMB,Gambia,60,64,1995,male,14.076656
270,GMB,Gambia,65,69,1995,male,11.028356
270,GMB,Gambia,70,74,1995,male,8.2996535
270,GMB,Gambia,75,79,1995,male,6.0345149
270,GMB,Gambia,80,84,1995,male,4.2838828
270,GMB,Gambia,85,89,1995,male,3.0177669
270,GMB,Gambia,90,94,1995,male,2.1683561
270,GMB,Gambia,95,99,1995,male,1.5956674
270,GMB,Gambia,100,120,1995,male,1.5
270,GMB,Gambia,0,0,2000,male,55.898836
270,GMB,Gambia,1,4,2000,male,58.753262
270,GMB,Gambia,5,9,2000,male,57.817155
270,GMB,Gambia,10,14,2000,male,53.80783
270,GMB,Gambia,15,19,2000,male,49.36525
270,GMB,Gambia,20,24,2000,male,45.128682
270,GMB,Gambia,25,29,2000,male,41.193294
270,GMB,Gambia,30,34,2000,male,37.159689
270,GMB,Gambia,35,39,2000,male,33.119555
270,GMB,Gambia,40,44,2000,male,29.089637
270,GMB,Gambia,45,49,2000,male,25.168294
270,GMB,Gambia,50,54,2000,male,21.349668
270,GMB,Gambia,55,59,2000,male,17.72246
270,GMB,Gambia,60,64,2000,male,14.311717
270,GMB,Gambia,65,69,2000,male,11.220381
270,GMB,Gambia,70,74,2000,male,8.4480818
270,GMB,Gambia,75,79,2000,male,6.1405839
270,GMB,Gambia,80,84,2000,male,4.3546037
270,GMB,Gambia,85,89,2000,male,3.0605408
270,GMB,Gambia,90,94,2000,male,2.1938926
270,GMB,Gambia,95,99,2000,male,1.61046
270,GMB,Gambia,100,120,2000,male,1.5
270,GMB,Gambia,0,0,2005,male,57.629317
270,GMB,Gambia,1,4,2005,male,60.118605
270,GMB,Gambia,5,9,2005,male,58.440416
270,GMB,Gambia,10,14,2005,male,54.355182
270,GMB,Gambia,15,19,2005,male,49.885515
270,GMB,Gambia,20,24,2005,male,45.609965
270,GMB,Gambia,25,29,2005,male,41.619501
270,GMB,Gambia,30,34,2005,male,37.536379
270,GMB,Gambia,35,39,2005,male,33.454451
270,GMB,Gambia,40,44,2005,male,29.385122
270,GMB,Gambia,45,49,2005,male,25.426041
270,GMB,Gambia,50,54,2005,male,21.57385
270,GMB,Gambia,55,59,2005,male,17.916274
270,GMB,Gambia,60,64,2005,male,14.477365
270,GMB,Gambia,65,69,2005,male,11.355418
270,GMB,Gambia,70,74,2005,male,8.5521106
270,GMB,Gambia,75,79,2005,male,6.2145202
270,GMB,Gambia,80,84,2005,male,4.4034607
270,GMB,Gambia,85,89,2005,male,3.0896892
270,GMB,Gambia,90,94,2005,male,2.2108612
270,GMB,Gambia,95,99,2005,male,1.620142
270,GMB,Gambia,100,120,2005,male,1.5
270,GMB,Gambia,0,0,2010,male,59.061811
270,GMB,Gambia,1,4,2010,male,61.461307
270,GMB,Gambia,5,9,2010,male,59.13383
270,GMB,Gambia,10,14,2010,male,54.971555
270,GMB,Gambia,15,19,2010,male,50.471371
270,GMB,Gambia,20,24,2010,male,46.152761
270,GMB,Gambia,25,29,2010,male,42.10159
270,GMB,Gambia,30,34,2010,male,37.963875
270,GMB,Gambia,35,39,2010,male,33.835529
270,GMB,Gambia,40,44,2010,male,29.722328
270,GMB,Gambia,45,49,2010,male,25.720994
270,GMB,Gambia,50,54,2010,male,21.830958
270,GMB,Gambia,55,59,2010,male,18.138902
270,GMB,Gambia,60,64,2010,male,14.667835
270,GMB,Gambia,65,69,2010,male,11.510861
270,GMB,Gambia,70,74,2010,male,8.671986
270,GMB,Gambia,75,79,2010,male,6.2997937
270,GMB,Gambia,80,84,2010,male,4.4597832
270,GMB,Gambia,85,89,2010,male,3.1232411
270,GMB,Gambia,90,94,2010,male,2.230248
270,GMB,Gambia,95,99,2010,male,1.631125
270,GMB,Gambia,100,120,2010,male,1.5
270,GMB,Gambia,0,0,2015,male,60.169455
270,GMB,Gambia,1,4,2015,male,62.29332
270,GMB,Gambia,5,9,2015,male,59.825058
270,GMB,Gambia,10,14,2015,male,55.592586
270,GMB,Gambia,15,19,2015,male,51.051154
270,GMB,Gambia,20,24,2015,male,46.6796
270,GMB,Gambia,25,29,2015,male,42.557284
270,GMB,Gambia,30,34,2015,male,38.35597
270,GMB,Gambia,35,39,2015,male,34.167292
270,GMB,Gambia,40,44,2015,male,29.99973
270,GMB,Gambia,45,49,2015,male,25.946668
270,GMB,Gambia,50,54,2015,male,22.011069
270,GMB,Gambia,55,59,2015,male,18.279597
270,GMB,Gambia,60,64,2015,male,14.775304
270,GMB,Gambia,65,69,2015,male,11.59126
270,GMB,Gambia,70,74,2015,male,8.7318731
270,GMB,Gambia,75,79,2015,male,6.3435151
270,GMB,Gambia,80,84,2015,male,4.4893184
270,GMB,Gambia,85,89,2015,male,3.1433361
270,GMB,Gambia,90,94,2015,male,2.2423393
270,GMB,Gambia,95,99,2015,male,1.6281718
270,GMB,Gambia,100,120,2015,male,1.32
270,GMB,Gambia,0,0,2020,male,61.8018
270,GMB,Gambia,1,4,2020,male,63.546711
270,GMB,Gambia,5,9,2020,male,60.882569
270,GMB,Gambia,10,14,2020,male,56.551569
270,GMB,Gambia,15,19,2020,male,51.952388
270,GMB,Gambia,20,24,2020,male,47.50412
270,GMB,Gambia,25,29,2020,male,43.278664
270,GMB,Gambia,30,34,2020,male,38.988405
270,GMB,Gambia,35,39,2020,male,34.716305
270,GMB,Gambia,40,44,2020,male,30.472494
270,GMB,Gambia,45,49,2020,male,26.3453
270,GMB,Gambia,50,54,2020,male,22.341585
270,GMB,Gambia,55,59,2020,male,18.546592
270,GMB,Gambia,60,64,2020,male,14.986398
270,GMB,Gambia,65,69,2020,male,11.752772
270,GMB,Gambia,70,74,2020,male,8.8511213
270,GMB,Gambia,75,79,2020,male,6.4264232
270,GMB,Gambia,80,84,2020,male,4.5442917
270,GMB,Gambia,85,89,2020,male,3.1767634
270,GMB,Gambia,90,94,2020,male,2.2620952
270,GMB,Gambia,95,99,2020,male,1.6391557
270,GMB,Gambia,100,120,2020,male,1.3206987
270,GMB,Gambia,0,0,2025,male,63.142102
270,GMB,Gambia,1,4,2025,male,64.603068
270,GMB,Gambia,5,9,2025,male,61.792373
270,GMB,Gambia,10,14,2025,male,57.385955
270,GMB,Gambia,15,19,2025,male,52.741563
270,GMB,Gambia,20,24,2025,male,48.234529
270,GMB,Gambia,25,29,2025,male,43.928349
270,GMB,Gambia,30,34,2025,male,39.569325
270,GMB,Gambia,35,39,2025,male,35.231673
270,GMB,Gambia,40,44,2025,male,30.927041
270,GMB,Gambia,45,49,2025,male,26.739271
270,GMB,Gambia,50,54,2025,male,22.678535
270,GMB,Gambia,55,59,2025,male,18.830936
270,GMB,Gambia,60,64,2025,male,15.220956
270,GMB,Gambia,65,69,2025,male,11.942507
270,GMB,Gambia,70,74,2025,male,9.0030883
270,GMB,Gambia,75,79,2025,male,6.5438707
270,GMB,Gambia,80,84,2025,male,4.6307557
270,GMB,Gambia,85,89,2025,male,3.2373823
270,GMB,Gambia,90,94,2025,male,2.3032016
270,GMB,Gambia,95,99,2025,male,1.6667111
270,GMB,Gambia,100,120,2025,male,1.337893
270,GMB,Gambia,0,0,2030,male,64.2491
270,GMB,Gambia,1,4,2030,male,65.476717
270,GMB,Gambia,5,9,2030,male,62.542623
270,GMB,Gambia,10,14,2030,male,58.074485
270,GMB,Gambia,15,19,2030,male,53.393749
270,GMB,Gambia,20,24,2030,male,48.840966
270,GMB,Gambia,25,29,2030,male,44.471909
270,GMB,Gambia,30,34,2030,male,40.0593
270,GMB,Gambia,35,39,2030,male,35.670265
270,GMB,Gambia,40,44,2030,male,31.317423
270,GMB,Gambia,45,49,2030,male,27.081054
270,GMB,Gambia,50,54,2030,male,22.973979
270,GMB,Gambia,55,59,2030,male,19.083675
270,GMB,Gambia,60,64,2030,male,15.432332
270,GMB,Gambia,65,69,2030,male,12.116414
270,GMB,Gambia,70,74,2030,male,9.1452824
270,GMB,Gambia,75,79,2030,male,6.6563091
270,GMB,Gambia,80,84,2030,male,4.7157533
270,GMB,Gambia,85,89,2030,male,3.2986095
270,GMB,Gambia,90,94,2030,male,2.3458162
270,GMB,Gambia,95,99,2030,male,1.6959408
270,GMB,Gambia,100,120,2030,male,1.3564828
270,GMB,Gambia,0,0,2035,male,65.1863
270,GMB,Gambia,1,4,2035,male,66.222112
270,GMB,Gambia,5,9,2035,male,63.184327
270,GMB,Gambia,10,14,2035,male,58.666008
270,GMB,Gambia,15,19,2035,male,53.956428
270,GMB,Gambia,20,24,2035,male,49.36884
270,GMB,Gambia,25,29,2035,male,44.951883
270,GMB,Gambia,30,34,2035,male,40.498259
270,GMB,Gambia,35,39,2035,male,36.069281
270,GMB,Gambia,40,44,2035,male,31.678079
270,GMB,Gambia,45,49,2035,male,27.402065
270,GMB,Gambia,50,54,2035,male,23.256201
270,GMB,Gambia,55,59,2035,male,19.329644
270,GMB,Gambia,60,64,2035,male,15.641741
270,GMB,Gambia,65,69,2035,male,12.291721
270,GMB,Gambia,70,74,2035,male,9.2908322
270,GMB,Gambia,75,79,2035,male,6.7727799
270,GMB,Gambia,80,84,2035,male,4.8046568
270,GMB,Gambia,85,89,2035,male,3.3630459
270,GMB,Gambia,90,94,2035,male,2.3907677
270,GMB,Gambia,95,99,2035,male,1.7267338
270,GMB,Gambia,100,120,2035,male,1.3759753
270,GMB,Gambia,0,0,2040,male,66.0054
270,GMB,Gambia,1,4,2040,male,66.880866
270,GMB,Gambia,5,9,2040,male,63.752146
270,GMB,Gambia,10,14,2040,male,59.191266
270,GMB,Gambia,15,19,2040,male,54.457856
270,GMB,Gambia,20,24,2040,male,49.842764
270,GMB,Gambia,25,29,2040,male,45.387855
270,GMB,Gambia,30,34,2040,male,40.901526
270,GMB,Gambia,35,39,2040,male,36.440221
270,GMB,Gambia,40,44,2040,male,32.017297
270,GMB,Gambia,45,49,2040,male,27.707747
270,GMB,Gambia,50,54,2040,male,23.528376
270,GMB,Gambia,55,59,2040,male,19.570205
270,GMB,Gambia,60,64,2040,male,15.849303
270,GMB,Gambia,65,69,2040,male,12.467672
270,GMB,Gambia,70,74,2040,male,9.4385757
270,GMB,Gambia,75,79,2040,male,6.8920261
270,GMB,Gambia,80,84,2040,male,4.8963198
270,GMB,Gambia,85,89,2040,male,3.4297599
270,GMB,Gambia,90,94,2040,male,2.4373639
270,GMB,Gambia,95,99,2040,male,1.7586133
270,GMB,Gambia,100,120,2040,male,1.3960635
270,GMB,Gambia,0,0,2045,male,66.7535
270,GMB,Gambia,1,4,2045,male,67.489447
270,GMB,Gambia,5,9,2045,male,64.278761
270,GMB,Gambia,10,14,2045,male,59.680299
270,GMB,Gambia,15,19,2045,male,54.92623
270,GMB,Gambia,20,24,2045,male,50.288229
270,GMB,Gambia,25,29,2045,male,45.80163
270,GMB,Gambia,30,34,2045,male,41.287778
270,GMB,Gambia,35,39,2045,male,36.798893
270,GMB,Gambia,40,44,2045,male,32.348337
270,GMB,Gambia,45,49,2045,male,28.008977
270,GMB,Gambia,50,54,2045,male,23.799236
270,GMB,Gambia,55,59,2045,male,19.812144
270,GMB,Gambia,60,64,2045,male,16.060148
270,GMB,Gambia,65,69,2045,male,12.64808
270,GMB,Gambia,70,74,2045,male,9.5912703
270,GMB,Gambia,75,79,2045,male,7.0159791
270,GMB,Gambia,80,84,2045,male,4.9920321
270,GMB,Gambia,85,89,2045,male,3.4995755
270,GMB,Gambia,90,94,2045,male,2.4861107
270,GMB,Gambia,95,99,2045,male,1.7918784
270,GMB,Gambia,100,120,2045,male,1.4169002
270,GMB,Gambia,0,0,2050,male,67.4035
270,GMB,Gambia,1,4,2050,male,68.027309
270,GMB,Gambia,5,9,2050,male,64.747275
270,GMB,Gambia,10,14,2050,male,60.117481
270,GMB,Gambia,15,19,2050,male,55.346436
270,GMB,Gambia,20,24,2050,male,50.690528
270,GMB,Gambia,25,29,2050,male,46.178971
270,GMB,Gambia,30,34,2050,male,41.643272
270,GMB,Gambia,35,39,2050,male,37.132102
270,GMB,Gambia,40,44,2050,male,32.658656
270,GMB,Gambia,45,49,2050,male,28.293994
270,GMB,Gambia,50,54,2050,male,24.057901
270,GMB,Gambia,55,59,2050,male,20.045544
270,GMB,Gambia,60,64,2050,male,16.265422
270,GMB,Gambia,65,69,2050,male,12.825251
270,GMB,Gambia,70,74,2050,male,9.7424228
270,GMB,Gambia,75,79,2050,male,7.1394171
270,GMB,Gambia,80,84,2050,male,5.0878052
270,GMB,Gambia,85,89,2050,male,3.5696137
270,GMB,Gambia,90,94,2050,male,2.5350342
270,GMB,Gambia,95,99,2050,male,1.8252386
270,GMB,Gambia,100,120,2050,male,1.4377592
270,GMB,Gambia,0,0,2055,male,68.0157
270,GMB,Gambia,1,4,2055,male,68.545586
270,GMB,Gambia,5,9,2055,male,65.203042
270,GMB,Gambia,10,14,2055,male,60.545365
270,GMB,Gambia,15,19,2055,male,55.759622
270,GMB,Gambia,20,24,2055,male,51.088057
270,GMB,Gambia,25,29,2055,male,46.554504
270,GMB,Gambia,30,34,2055,male,41.999273
270,GMB,Gambia,35,39,2055,male,37.468001
270,GMB,Gambia,40,44,2055,male,32.973781
270,GMB,Gambia,45,49,2055,male,28.585776
270,GMB,Gambia,50,54,2055,male,24.325291
270,GMB,Gambia,55,59,2055,male,20.28892
270,GMB,Gambia,60,64,2055,male,16.481025
270,GMB,Gambia,65,69,2055,male,13.012316
270,GMB,Gambia,70,74,2055,male,9.9022355
270,GMB,Gambia,75,79,2055,male,7.2696694
270,GMB,Gambia,80,84,2055,male,5.188339
270,GMB,Gambia,85,89,2055,male,3.6425022
270,GMB,Gambia,90,94,2055,male,2.585339
270,GMB,Gambia,95,99,2055,male,1.8590283
270,GMB,Gambia,100,120,2055,male,1.4583178
270,GMB,Gambia,0,0,2060,male,68.598
270,GMB,Gambia,1,4,2060,male,69.048392
270,GMB,Gambia,5,9,2060,male,65.649476
270,GMB,Gambia,10,14,2060,male,60.966869
270,GMB,Gambia,15,19,2060,male,56.168243
270,GMB,Gambia,20,24,2060,male,51.4832
270,GMB,Gambia,25,29,2060,male,46.930632
270,GMB,Gambia,30,34,2060,male,42.358327
270,GMB,Gambia,35,39,2060,male,37.809281
270,GMB,Gambia,40,44,2060,male,33.29639
270,GMB,Gambia,45,49,2060,male,28.886908
270,GMB,Gambia,50,54,2060,male,24.603595
270,GMB,Gambia,55,59,2060,male,20.54416
270,GMB,Gambia,60,64,2060,male,16.708578
270,GMB,Gambia,65,69,2060,male,13.210611
270,GMB,Gambia,70,74,2060,male,10.071852
270,GMB,Gambia,75,79,2060,male,7.4076556
270,GMB,Gambia,80,84,2060,male,5.2943384
270,GMB,Gambia,85,89,2060,male,3.7187236
270,GMB,Gambia,90,94,2060,male,2.637315
270,GMB,Gambia,95,99,2060,male,1.8933924
270,GMB,Gambia,100,120,2060,male,1.4785952
270,GMB,Gambia,0,0,2065,male,69.1591
270,GMB,Gambia,1,4,2065,male,69.540565
270,GMB,Gambia,5,9,2065,male,66.090177
270,GMB,Gambia,10,14,2065,male,61.38498
270,GMB,Gambia,15,19,2065,male,56.574902
270,GMB,Gambia,20,24,2065,male,51.878245
270,GMB,Gambia,25,29,2065,male,47.309305
270,GMB,Gambia,30,34,2065,male,42.722174
270,GMB,Gambia,35,39,2065,male,38.157508
270,GMB,Gambia,40,44,2065,male,33.627863
270,GMB,Gambia,45,49,2065,male,29.198588
270,GMB,Gambia,50,54,2065,male,24.893775
270,GMB,Gambia,55,59,2065,male,20.812064
270,GMB,Gambia,60,64,2065,male,16.948779
270,GMB,Gambia,65,69,2065,male,13.420798
270,GMB,Gambia,70,74,2065,male,10.251965
270,GMB,Gambia,75,79,2065,male,7.5540941
270,GMB,Gambia,80,84,2065,male,5.4065134
270,GMB,Gambia,85,89,2065,male,3.7989036
270,GMB,Gambia,90,94,2065,male,2.6914561
270,GMB,Gambia,95,99,2065,male,1.9286859
270,GMB,Gambia,100,120,2065,male,1.498817
270,GMB,Gambia,0,0,2070,male,69.7135
270,GMB,Gambia,1,4,2070,male,70.032789
270,GMB,Gambia,5,9,2070,male,66.534202
270,GMB,Gambia,10,14,2070,male,61.807904
270,GMB,Gambia,15,19,2070,male,56.987281
270,GMB,Gambia,20,24,2070,male,52.280138
270,GMB,Gambia,25,29,2070,male,47.696455
270,GMB,Gambia,30,34,2070,male,43.095837
270,GMB,Gambia,35,39,2070,male,38.516849
270,GMB,Gambia,40,44,2070,male,33.971607
270,GMB,Gambia,45,49,2070,male,29.523516
270,GMB,Gambia,50,54,2070,male,25.197937
270,GMB,Gambia,55,59,2070,male,21.094246
270,GMB,Gambia,60,64,2070,male,17.202873
270,GMB,Gambia,65,69,2070,male,13.643855
270,GMB,Gambia,70,74,2070,male,10.443372
270,GMB,Gambia,75,79,2070,male,7.7096313
270,GMB,Gambia,80,84,2070,male,5.5253783
270,GMB,Gambia,85,89,2070,male,3.8834239
270,GMB,Gambia,90,94,2070,male,2.7480265
270,GMB,Gambia,95,99,2070,male,1.9650825
270,GMB,Gambia,100,120,2070,male,1.5191012
270,GMB,Gambia,0,0,2075,male,70.2481
270,GMB,Gambia,1,4,2075,male,70.514492
270,GMB,Gambia,5,9,2075,male,66.974416
270,GMB,Gambia,10,14,2075,male,62.229747
270,GMB,Gambia,15,19,2075,male,57.399825
270,GMB,Gambia,20,24,2075,male,52.683643
270,GMB,Gambia,25,29,2075,male,48.087119
270,GMB,Gambia,30,34,2075,male,43.474623
270,GMB,Gambia,35,39,2075,male,38.882986
270,GMB,Gambia,40,44,2075,male,34.323709
270,GMB,Gambia,45,49,2075,male,29.858206
270,GMB,Gambia,50,54,2075,male,25.51274
270,GMB,Gambia,55,59,2075,male,21.387549
270,GMB,Gambia,60,64,2075,male,17.468058
270,GMB,Gambia,65,69,2075,male,13.877436
270,GMB,Gambia,70,74,2075,male,10.644251
270,GMB,Gambia,75,79,2075,male,7.8730496
270,GMB,Gambia,80,84,2075,male,5.6502565
270,GMB,Gambia,85,89,2075,male,3.9720408
270,GMB,Gambia,90,94,2075,male,2.807063
270,GMB,Gambia,95,99,2075,male,2.0027624
270,GMB,Gambia,100,120,2075,male,1.5397808
270,GMB,Gambia,0,0,2080,male,70.7978
270,GMB,Gambia,1,4,2080,male,71.014516
270,GMB,Gambia,5,9,2080,male,67.43722
270,GMB,Gambia,10,14,2080,male,62.675716
270,GMB,Gambia,15,19,2080,male,57.837
270,GMB,Gambia,20,24,2080,male,53.112205
270,GMB,Gambia,25,29,2080,male,48.503343
270,GMB,Gambia,30,34,2080,male,43.879327
270,GMB,Gambia,35,39,2080,male,39.275552
270,GMB,Gambia,40,44,2080,male,34.702696
270,GMB,Gambia,45,49,2080,male,30.219991
270,GMB,Gambia,50,54,2080,male,25.854171
270,GMB,Gambia,55,59,2080,male,21.706476
270,GMB,Gambia,60,64,2080,male,17.757277
270,GMB,Gambia,65,69,2080,male,14.132793
270,GMB,Gambia,70,74,2080,male,10.864087
270,GMB,Gambia,75,79,2080,male,8.051961
270,GMB,Gambia,80,84,2080,male,5.7868897
270,GMB,Gambia,85,89,2080,male,4.0687885
270,GMB,Gambia,90,94,2080,male,2.8712037
270,GMB,Gambia,95,99,2080,male,2.0433296
270,GMB,Gambia,100,120,2080,male,1.5616495
270,GMB,Gambia,0,0,2085,male,71.3644
270,GMB,Gambia,1,4,2085,male,71.532822
270,GMB,Gambia,5,9,2085,male,67.919756
270,GMB,Gambia,10,14,2085,male,63.141923
270,GMB,Gambia,15,19,2085,male,58.294627
270,GMB,Gambia,20,24,2085,male,53.561303
270,GMB,Gambia,25,29,2085,male,48.940246
270,GMB,Gambia,30,34,2085,male,44.304733
270,GMB,Gambia,35,39,2085,male,39.688901
270,GMB,Gambia,40,44,2085,male,35.102529
270,GMB,Gambia,45,49,2085,male,30.602556
270,GMB,Gambia,50,54,2085,male,26.216085
270,GMB,Gambia,55,59,2085,male,22.045239
270,GMB,Gambia,60,64,2085,male,18.065202
270,GMB,Gambia,65,69,2085,male,14.405218
270,GMB,Gambia,70,74,2085,male,11.098893
270,GMB,Gambia,75,79,2085,male,8.2431217
270,GMB,Gambia,80,84,2085,male,5.9327915
270,GMB,Gambia,85,89,2085,male,4.1718341
270,GMB,Gambia,90,94,2085,male,2.9391449
270,GMB,Gambia,95,99,2085,male,2.0858908
270,GMB,Gambia,100,120,2085,male,1.5841482
270,GMB,Gambia,0,0,2090,male,71.9556
270,GMB,Gambia,1,4,2090,male,72.075573
270,GMB,Gambia,5,9,2090,male,68.427727
270,GMB,Gambia,10,14,2090,male,63.633801
270,GMB,Gambia,15,19,2090,male,58.777962
270,GMB,Gambia,20,24,2090,male,54.035896
270,GMB,Gambia,25,29,2090,male,49.402385
270,GMB,Gambia,30,34,2090,male,44.75503
270,GMB,Gambia,35,39,2090,male,40.126872
270,GMB,Gambia,40,44,2090,male,35.526711
270,GMB,Gambia,45,49,2090,male,31.009073
270,GMB,Gambia,50,54,2090,male,26.601336
270,GMB,Gambia,55,59,2090,male,22.406372
270,GMB,Gambia,60,64,2090,male,18.394084
270,GMB,Gambia,65,69,2090,male,14.696691
270,GMB,Gambia,70,74,2090,male,11.35039
270,GMB,Gambia,75,79,2090,male,8.4479646
270,GMB,Gambia,80,84,2090,male,6.0890953
270,GMB,Gambia,85,89,2090,male,4.2819977
270,GMB,Gambia,90,94,2090,male,3.011425
270,GMB,Gambia,95,99,2090,male,2.1307644
270,GMB,Gambia,100,120,2090,male,1.6074465
270,GMB,Gambia,0,0,2095,male,72.5861
270,GMB,Gambia,1,4,2095,male,72.656299
270,GMB,Gambia,5,9,2095,male,68.974971
270,GMB,Gambia,10,14,2095,male,64.165239
270,GMB,Gambia,15,19,2095,male,59.300829
270,GMB,Gambia,20,24,2095,male,54.549582
270,GMB,Gambia,25,29,2095,male,49.903055
270,GMB,Gambia,30,34,2095,male,45.243271
270,GMB,Gambia,35,39,2095,male,40.602208
270,GMB,Gambia,40,44,2095,male,35.987624
270,GMB,Gambia,45,49,2095,male,31.451507
270,GMB,Gambia,50,54,2095,male,27.021367
270,GMB,Gambia,55,59,2095,male,22.80059
270,GMB,Gambia,60,64,2095,male,18.753877
270,GMB,Gambia,65,69,2095,male,15.016223
270,GMB,Gambia,70,74,2095,male,11.62652
270,GMB,Gambia,75,79,2095,male,8.6732725
270,GMB,Gambia,80,84,2095,male,6.261269
270,GMB,Gambia,85,89,2095,male,4.4034321
270,GMB,Gambia,90,94,2095,male,3.0909942
270,GMB,Gambia,95,99,2095,male,2.1799155
270,GMB,Gambia,100,120,2095,male,1.6327292
